<?xml version="1.0" encoding="UTF-8"?>
<project-private xmlns="http://www.netbeans.org/ns/project-private/1">
    <open-files xmlns="http://www.netbeans.org/ns/projectui-open-files/2">
        <group>
            <file>file:/C:/Users/guita/OneDrive/Documentos/NetBeansProjects/ejer6Negocio/src/ejer6negocio/Ejer6Negocio.java</file>
            <file>file:/C:/Users/guita/OneDrive/Documentos/NetBeansProjects/ejer6Negocio/src/Servicio/ServicioNegocio.java</file>
        </group>
    </open-files>
</project-private>
